Título:;ACTIVIDADES FORMATIVAS CEP;;;;;;
Autor:;Aplicación Séneca, CONSEJERÍA DE EDUCACIÓN Y DEPORTE, Junta de Andalucía;;;;;;
Fecha de creación:;26/05/2020 - 08:53;;;;;;
;;;;;;;
Centro;Código;Título;Modalidad;Estado;Fecha inicio;Fecha fin;Dirigido a
29200026-CEP Marbella - Coín;20K9923AV092;ABP. APRENDIZAJE BASADO EN PROYECTOS (SECUNDARIA Y BACHILLERATO);Curso a Distancia;Terminada;30/10/2019;11/12/2019;Internivelar
29200026-CEP Marbella - Coín;20W9923AV092;ABP. APRENDIZAJE BASADO EN PROYECTOS (SECUNDARIA Y BACHILLERATO);Curso a Distancia;Actividad en desarrollo;15/04/2020;27/05/2020;Internivelar
29200026-CEP Marbella - Coín;202923GEJ006;MATRICULA ELECTRONICA, COMUNICACIÓN CON FAMILIAS MEDIANTE IPASEN Y PROTECCIÓN DE DATOS;Jornadas;Terminada;18/02/2020;19/05/2020;Internivelar
29200026-CEP Marbella - Coín;202923GEJ251;EL ARTE DE PREGUNTAR;Jornadas;Borrador;19/05/2020;20/05/2020;Internivelar
29200026-CEP Marbella - Coín;202923GEJ555;XII JORNADAS EDUCATIVAS DE BENALMÁDENA: APRENDIZAJE EN EL SIGLO XXI: FAMILIA Y ESCUELA;Jornadas;Terminada;06/02/2020;06/02/2020;Internivelar
29200026-CEP Marbella - Coín;202923GEJ851;MATEMATIZATE;Jornadas;Suspendida;17/02/2020;19/02/2020;Internivelar
29200026-CEP Marbella - Coín;202923GEJ852;XI JORNADA EDUCO-PREVENTIVA: INNOVACIÓN EDUCATIVA;Jornadas;Terminada;15/11/2019;16/11/2019;Internivelar
29200026-CEP Marbella - Coín;202923GEJ853;XII FERIA DE LA CIENCIA IBN AL-BAYTAR;Jornadas;Suspendida;29/04/2020;29/04/2020;Internivelar
29200026-CEP Marbella - Coín;202923GES001;GESTION DE CENTROS PUBLICOS: CIERRE Y APERTURA DE EJERCICIO ECONOMICO, REGISTRO ELECTRONICO Y CONTRATACION;Curso con Seguimiento;Terminada;19/09/2019;10/10/2019;Equipos directivos
29200026-CEP Marbella - Coín;202923GES002;CUADERNO DEL PROFESORADO CON SÉNECA E ISÉNECA (ZONA ALHAURIN);Curso con Seguimiento;Terminada;14/01/2020;20/03/2020;Internivelar
29200026-CEP Marbella - Coín;202923GES004;CUADERNO DEL PROFESORADO CON SÉNECA E ISÉNECA (ZONA ESTEPONA-MANILVA);Curso con Seguimiento;Terminada;28/01/2020;20/03/2020;Internivelar
29200026-CEP Marbella - Coín;202923GES005;YOGA PARA EDUCAR;Curso con Seguimiento;Terminada;08/01/2020;20/03/2020;Internivelar
29200026-CEP Marbella - Coín;202923GES007;I FERIA STEAM EN ESTEPONA Y EN FUENGIROLA;Curso con Seguimiento;Suspendida;05/03/2020;30/04/2020;Internivelar
29200026-CEP Marbella - Coín;202923GES101;EVALUACIÓN: PORFOLIO Y METACOGNICIÓN;Curso con Seguimiento;Terminada;14/01/2020;15/02/2020;Internivelar
29200026-CEP Marbella - Coín;202923GES151;BIOTECNOLOGÍA PARA PROFESORADO DE FORMACIÓN PROFESIONAL;Curso;Terminada;10/09/2019;01/10/2019;Form. profesional y art. plast. y diseño
29200026-CEP Marbella - Coín;202923GES155;PROGRAMACIÓN Y EVALUACIÓN EN F.P.;Curso;Terminada;09/10/2019;08/11/2019;Form. profesional y art. plast. y diseño
29200026-CEP Marbella - Coín;202923GES156;¿CÓMO IMPLEMENTAMOS NUESTRO PROYECTO DE DUAL?;Curso;Terminada;30/09/2019;14/10/2019;Form. profesional y art. plast. y diseño
29200026-CEP Marbella - Coín;202923GES157;PROGRAMACIÓN Y EVALUACIÓN EN F.P. (EXCLUSIVO PROFESORADO DE TARDE);Curso;Terminada;16/10/2019;06/11/2019;Form. profesional y art. plast. y diseño
29200026-CEP Marbella - Coín;202923GES159;ESTILISMO MASCULINO: PASADO, PRESENTE Y FUTURO;Curso;Terminada;23/11/2019;23/11/2019;Form. profesional y art. plast. y diseño
29200026-CEP Marbella - Coín;202923GES161;GAMIFICACIÓN EN FORMACIÓN PROFESIONAL;Curso;Suspendida;01/02/2020;29/02/2020;Form. profesional y art. plast. y diseño
29200026-CEP Marbella - Coín;202923GES162;ELABORACIÓN DE PROYECTOS DE INNOVACIÓN PARA F.P.;Curso;Actividad en desarrollo;13/02/2020;31/03/2020;Form. profesional y art. plast. y diseño
29200026-CEP Marbella - Coín;202923GES163;ACTUALIZACIÓN LABORAL Y SISTEMA RED (ADMON Y FINANZAS);Curso;Suspendida;16/01/2020;28/02/2020;Form. profesional y art. plast. y diseño
29200026-CEP Marbella - Coín;202923GES164;CUADERNO DEL PROFESORADO CON SÉNECA E ISÉNECA (ZONA ARROYO DE LA MIEL);Curso con Seguimiento;Terminada;15/01/2020;29/02/2020;Internivelar
29200026-CEP Marbella - Coín;202923GES165;CUADERNO DEL PROFESORADO CON SÉNECA E ISÉNECA (ZONA SAN PEDRO DE ALCÁNTARA);Curso con Seguimiento;Suspendida;05/12/2019;19/12/2019;Internivelar
29200026-CEP Marbella - Coín;202923GES166;DISCIPLINA POSITIVA Y NEUROCIENCIA PARA DOCENTES (ZONA ESTEPONA);Curso con Seguimiento;Terminada;14/01/2020;18/02/2020;Internivelar
29200026-CEP Marbella - Coín;202923GES167;DOMÓTICA LIBRE;Curso;Terminada;21/11/2019;19/12/2019;Form. profesional y art. plast. y diseño
29200026-CEP Marbella - Coín;202923GES168;III JORNADAS FP REGIONALES;Curso;Suspendida;02/05/2020;22/05/2020;Form. profesional y art. plast. y diseño
29200026-CEP Marbella - Coín;202923GES169;MARKETING DIGITAL Y REDES SOCIALES;Curso;Terminada;18/11/2019;06/12/2019;Form. profesional y art. plast. y diseño
29200026-CEP Marbella - Coín;202923GES251;PRIMEROS AUXILIOS EN URGENCIAS MÁS FRECUENTES;Curso con Seguimiento;Terminada;05/02/2020;05/03/2020;Internivelar
29200026-CEP Marbella - Coín;202923GES252;DISEÑO Y PUESTA EN MARCHA DE UN PROGRAMA DE MEDIACIÓN ESCOLAR EN CEIPS;Curso con Seguimiento;Terminada;21/11/2019;14/01/2020;Educación primaria
29200026-CEP Marbella - Coín;202923GES253;INTEGRACIÓN DE LAS COMPETENCIAS CLAVE  NIVEL 1 EN EL ÁMBITO EDUCATIVO DEL CEIP LA PALOMA;Curso con Seguimiento;Actividad en desarrollo;18/11/2019;08/06/2020;Educación primaria
29200026-CEP Marbella - Coín;202923GES254;INTEGRACIÓN DE LAS COMPETENCIAS CLAVE NIVEL 1 EN EL ÁMBITO EDUCATIVO DEL CEIP MARIANA PINEDA;Curso Semipresencial;Actividad en desarrollo;27/01/2020;18/05/2020;Educación primaria
29200026-CEP Marbella - Coín;202923GES255;TRANSFORMA-ACCIÓN- PROGRAMA CAMBIO MOTOR: TALLER DE PROGRAMACIÓN POR COMPETENCIAS PARA SECUNDARIA;Curso con Seguimiento;Actividad en desarrollo;11/03/2020;15/05/2020;Educación secundaria obligatoria
29200026-CEP Marbella - Coín;202923GES256;TRANSFORMA-ACCIÓN - PROGRAMA CAMBIO MOTOR: DAME UN REA Y CAMBIARÉ EL MUNDO;Curso;Suspendida;09/03/2020;20/04/2020;Educación secundaria obligatoria
29200026-CEP Marbella - Coín;202923GES257;PRIMEROS AUXILIOS EN URGENCIAS MÁS FRECUENTES;Curso con Seguimiento;Suspendida;22/04/2020;06/05/2020;Internivelar
29200026-CEP Marbella - Coín;202923GES302;AUDIOVISUALES PARA LA CONVIVENCIA EN RELIGIÓN.;Curso con Seguimiento;Terminada;12/11/2019;21/11/2019;Internivelar
29200026-CEP Marbella - Coín;202923GES305;COMPETENCIAS CLAVE EN EL CEIP JUAN RAMÓN JIMÉNEZ.;Curso con Seguimiento;Terminada;23/10/2019;15/05/2020;Internivelar
29200026-CEP Marbella - Coín;202923GES306;GAMIFICACION: APRENDEMOS JUGANDO;Curso con Seguimiento;Suspendida;14/04/2020;29/04/2020;Internivelar
29200026-CEP Marbella - Coín;202923GES408;BREVE TALLER DE ESCRITURA CREATIVA;Curso a Distancia;Terminada;07/05/2020;21/05/2020;Internivelar
29200026-CEP Marbella - Coín;202923GES470;TRANSFORMA-ACCIÓN: PROGRAMA MATEMORFOSIS;Curso con Seguimiento;Terminada;28/10/2019;02/04/2020;Educación primaria
29200026-CEP Marbella - Coín;202923GES474;INTEGRACIÓN DE LAS COMPETENCIAS CLAVE EN EL ÁMBITO EDUCATIVO NIVEL I. CEIP SAN LUIS DE SABINILLAS;Curso con Seguimiento;Actividad en desarrollo;30/10/2019;25/03/2020;Educación primaria
29200026-CEP Marbella - Coín;202923GES475;INTEGRACIÓN DE LAS COMPETENCIAS CLAVE EN EL ÁMBITO EDUCATIVO NIVEL I. CEIP MAICANDIL;Curso con Seguimiento;Terminada;30/09/2019;16/12/2019;Educación primaria
29200026-CEP Marbella - Coín;202923GES476;DISCIPLINA POSITIVA Y NEUROCIENCIA PARA DOCENTES. NIVEL I (ZONA SAN PEDRO);Curso con Seguimiento;Terminada;27/01/2020;02/03/2020;Internivelar
29200026-CEP Marbella - Coín;202923GES477;PRIMEROS AUXILIOS EN URGENCIAS MÁS FRECUENTES (ZONA SAN PEDRO);Curso con Seguimiento;Terminada;04/02/2020;03/03/2020;Internivelar
29200026-CEP Marbella - Coín;202923GES478;INTEGRACIÓN DE LAS COMPETENCIAS CLAVE EN EL ÁMBITO EDUCATIVO NIVEL I. CEIP MIGUEL HERNANDEZ;Curso con Seguimiento;Terminada;21/11/2019;21/04/2020;Educación primaria
29200026-CEP Marbella - Coín;202923GES479;CUADERNO DEL PROFESORADO CON SÉNECA E ISÉNECA (ZONA NUEVA ANDALUCÍA);Curso con Seguimiento;Terminada;13/01/2020;17/03/2020;Internivelar
29200026-CEP Marbella - Coín;202923GES552;EXPRESIÓN , COMPRENSIÓN ORAL Y COMPRENSIÓN LECTORA:¿CÓMO SUENA ESA LETRA?;Curso con Seguimiento;Terminada;13/11/2019;10/12/2019;Internivelar
29200026-CEP Marbella - Coín;202923GES553;FORMACIÓN PARA LA DIRECCIÓN NOVEL: MENTORIZACIÓN DE LAS DIRECCIONES NOVELES;Curso con Seguimiento;Terminada;03/12/2019;20/05/2020;Equipos directivos
29200026-CEP Marbella - Coín;202923GES602;4,3,2,1...DEVELOP STUDENT`S BASIC ENGLISH SKILLS WITH THE HELP OF MINDFULNESS;Curso con Seguimiento;Terminada;05/11/2019;07/11/2019;Internivelar
29200026-CEP Marbella - Coín;202923GES603;COMPETENCIAS CLAVE EN PRIMARIA;Curso con Seguimiento;Suspendida;23/10/2019;26/03/2020;Internivelar
29200026-CEP Marbella - Coín;202923GES609;EDUCACIÓN BIOCÉNTRICA;Curso con Seguimiento;Borrador;06/05/2020;20/05/2020;Internivelar
29200026-CEP Marbella - Coín;202923GES751;LA RELACIÓN DEL TDA-H CON LAS DIFICULTADES EN LAS HABILIDADES SOCIALES Y LA REPERCUSIÓN EN EL APRENDIZAJE ESCOLAR;Curso con Seguimiento;Terminada;09/09/2019;11/09/2019;Internivelar
29200026-CEP Marbella - Coín;202923GES752;GESTIÓN DEL AULA CON EL ENFOQUE EN NEUROEDUCACIÓN Y DISCIPLINA POSITIVA NIVEL II. (ZONA FUENGIROLA);Curso con Seguimiento;Terminada;23/09/2019;14/10/2019;Internivelar
29200026-CEP Marbella - Coín;202923GES753;PROGRAMA DE TRANSFORMA-ACCIÓN: AMBIENTES EDUCATIVOS Y PEDAGOGÍAS NO DIRECTIVAS. REGGIO EMILIA: VER,HACER,COMPRENDER,VERBALIZAR;Curso con Seguimiento;Terminada;12/11/2019;30/05/2020;Educación infantil
29200026-CEP Marbella - Coín;202923GES756;ENRIQUECE TUS PROGRAMACIONES CON RUTINAS DE PENSAMIENTO;Curso con Seguimiento;Suspendida;04/02/2020;31/03/2020;Internivelar
29200026-CEP Marbella - Coín;202923GES758;COMUNICATE CON EL ALUMNADO SORDO: LENGUA DE SIGNOS,ESTRATEGIAS Y HERRAMIENTAS BÁSICAS PARA EL AULA;Curso con Seguimiento;Terminada;28/10/2019;18/11/2019;Internivelar
29200026-CEP Marbella - Coín;202923GES801;CUADERNO DEL PROFESORADO CON SÉNECA E ISÉNECA (ZONA LAS LAGUNAS);Curso con Seguimiento;Terminada;07/01/2020;21/02/2020;Internivelar
29200026-CEP Marbella - Coín;202923GES802;EL TEATRO COMO METODOLOGÍA COMPETENCIAL;Curso con Seguimiento;Terminada;13/11/2019;04/12/2019;Internivelar
29200026-CEP Marbella - Coín;202923GES804;PENSAMIENTO COMPUTACIONAL Y ROBÓTICA PARA TOD@S;Curso con Seguimiento;Suspendida;13/01/2020;23/03/2020;Internivelar
29200026-CEP Marbella - Coín;202923GES805;EL DEBATE COMO HERRAMIENTA CURRICULAR;Curso con Seguimiento;Terminada;12/11/2019;21/02/2020;Internivelar
29200026-CEP Marbella - Coín;202923GES806;EXPRESIÓN , COMPRENSIÓN ORAL Y COMPRENSIÓN LECTORA:¿CÓMO SUENA ESA LETRA?;Curso con Seguimiento;Terminada;09/01/2020;12/02/2020;Internivelar
29200026-CEP Marbella - Coín;202923GES807;CUADERNO DEL PROFESORADO CON SÉNECA E ISÉNECA (ZONA MARBELLA);Curso con Seguimiento;Suspendida;14/04/2020;31/05/2020;Internivelar
29200026-CEP Marbella - Coín;202923GES851;METODOLOGÍA MONTESSORI EN EL AULA;Curso con Seguimiento;Terminada;09/10/2019;27/11/2019;Educación primaria
29200026-CEP Marbella - Coín;202923GES852;CUADERNO DEL PROFESORADO CON SÉNECA E ISÉNECA (ZONA COÍN);Curso con Seguimiento;Terminada;30/10/2019;05/12/2019;Internivelar
29200026-CEP Marbella - Coín;202923GES853;DISCIPLINA POSITIVA Y NEUROCIENCIA PARA DOCENTES. NIVEL I (ZONA COÍN);Curso con Seguimiento;Terminada;05/11/2019;26/11/2019;Internivelar
29200026-CEP Marbella - Coín;202923GES854;CUADERNO DEL PROFESORADO CON SÉNECA E ISÉNECA (OJÉN);Curso con Seguimiento;Terminada;19/11/2019;17/12/2019;Internivelar
29200026-CEP Marbella - Coín;202923GES855;GAMIFICACIÓN Y APRENDIZAJE COOPERATIVO;Curso con Seguimiento;Actividad en desarrollo;05/03/2020;02/04/2020;Internivelar
29200026-CEP Marbella - Coín;202923GES856;DISCIPLINA POSITIVA Y NEUROCIENCIA PARA DOCENTES. NIVEL I (ZONA COÍN);Curso con Seguimiento;Actividad en desarrollo;03/03/2020;31/05/2020;Internivelar
29200026-CEP Marbella - Coín;202923GES857;PRIMEROS AUXILIOS EN URGENCIAS MÁS FRECUENTES EN RESIDENCIAS ESCOLARES;Curso con Seguimiento;Terminada;07/02/2020;06/03/2020;Internivelar
29200026-CEP Marbella - Coín;202923GES858;CONSCIENCIA EMOCIONAL, AUTORREGULACIÓN Y RESILIENCIA;Curso con Seguimiento;Actividad en desarrollo;07/05/2020;04/06/2020;Internivelar
29200026-CEP Marbella - Coín;202923GES951;PRIMEROS AUXILIOS EN URGENCIAS MÁS FRECUENTES EN UN CENTRO EDUCATIVO (ZONA CALA DE MIJAS-FUENGIROLA);Curso con Seguimiento;Terminada;02/10/2019;29/11/2019;Internivelar
29200026-CEP Marbella - Coín;202923GES952;JORNADAS SOBRE BUENAS PRÁCTICAS EN EL ÁREA DE MÚSICA;Curso con Seguimiento;Terminada;09/10/2019;20/11/2019;Internivelar
29200026-CEP Marbella - Coín;202923GES953;INTEGRACIÓN DE LAS COMPETENCIAS CLAVE EN EL ÁMBITO EDUCATIVO NIVEL I. CEIP INDIRA GHANDI;Curso con Seguimiento;Suspendida;25/09/2019;20/04/2020;Internivelar
29200026-CEP Marbella - Coín;202923GES954;INTEGRACIÓN DE LAS COMPETENCIAS CLAVE EN EL ÁMBITO EDUCATIVO NIVEL I. CEIP TAMIXA;Curso con Seguimiento;Actividad en desarrollo;09/10/2019;29/04/2020;Internivelar
29200026-CEP Marbella - Coín;202923GES955;INTEGRACIÓN DE LAS COMPETENCIAS CLAVE EN EL ÁMBITO EDUCATIVO NIVEL I. CEIP SAN SEBASTIÁN;Curso con Seguimiento;Actividad en desarrollo;02/10/2019;13/05/2020;Internivelar
29200026-CEP Marbella - Coín;202923GES956;ACTUALIZACIÓN EN BIBLIOWEB 2 PARA RESPONSABLES Y EQUIPOS DE APOYO;Curso con Seguimiento;Terminada;22/10/2019;22/10/2019;Internivelar
29200026-CEP Marbella - Coín;202923GES957;INTEGRACIÓN DE LAS COMPETENCIAS CLAVE EN EL ÁMBITO EDUCATIVO. CEIP JARDÍN BOTÁNICO;Curso con Seguimiento;Actividad en desarrollo;06/11/2019;13/05/2020;Internivelar
29200026-CEP Marbella - Coín;202923GES958;HERRAMIENTAS DE COACHING Y PNL APLICADAS A LA EDUCACIÓN MUSICAL;Curso con Seguimiento;Suspendida;07/11/2019;17/12/2019;Enseñanzas de regimen especial
29200026-CEP Marbella - Coín;202923GES959;CUADERNO DEL PROFESOR CON SÉNECA E ISÉNECA (ZONA MIJAS COSTA);Curso con Seguimiento;Suspendida;15/04/2020;31/05/2020;Internivelar
29200026-CEP Marbella - Coín;202923GES960;PROPUESTAS DE TRABAJO A TRAVÉS DEL PATRIMONIO HISTÓRICO;Curso con Seguimiento;Suspendida;05/02/2020;21/05/2020;Internivelar
29200026-CEP Marbella - Coín;202923GES961;INTEGRACIÓN DE LAS COMPETENCIAS CLAVE EN EL ÁMBITO EDUCATIVO NIVEL I. CEIP EL OLMO;Curso con Seguimiento;Actividad en desarrollo;13/11/2019;29/04/2020;Internivelar
29200026-CEP Marbella - Coín;202923GES962;PENSAR MEJOR A TRAVÉS DEL DIÁLOGO CRÍTICO-CREATIVO;Curso con Seguimiento;Suspendida;16/04/2020;15/05/2020;Internivelar
29200026-CEP Marbella - Coín;202923GES979;ESTRATEGIAS Y RECURSOS PARA EL APRENDIZAJE NO PRESENCIAL;Curso Semipresencial;Abierto plazo solicitudes;01/06/2020;30/06/2020;Internivelar
29200026-CEP Marbella - Coín;202923GE101;CUADERNO DIGITAL SÉNECA: EVALUACIÓN Y COMPETENCIAS;Curso;Terminada;16/09/2019;19/09/2019;Internivelar
29200026-CEP Marbella - Coín;202923GE102;TRANSFORMA-ACCIÓN: PROGRAMA CON-SEGUIMOS;Curso;Actividad en desarrollo;15/10/2019;23/04/2020;Internivelar
29200026-CEP Marbella - Coín;202923GE103;NEUROEDUCACIÓN. EMOCIÓN Y APRENDIZAJE.;Curso;Terminada;08/11/2019;09/11/2019;Comunidad educativa
29200026-CEP Marbella - Coín;202923GE105;CREATIVAMENTE: VISUAL THINKING;Curso;Suspendida;17/03/2020;19/03/2020;Internivelar
29200026-CEP Marbella - Coín;202923GE109;COHESIÓN DE EQUIPOS, CONVIVENCIA Y TIC;Curso;Terminada;10/03/2020;12/03/2020;Internivelar
29200026-CEP Marbella - Coín;202923GE152;ESTUDIO DE LA IMAGEN PERSONAL EN FORMACIÓN PROFESIONAL;Curso;Terminada;02/09/2019;01/10/2019;Form. profesional y art. plast. y diseño
29200026-CEP Marbella - Coín;202923GE153;WYSIWYG, DISEÑO DE ILUMINACIÓN 3D;Curso;Terminada;02/12/2019;16/12/2019;Form. profesional y art. plast. y diseño
29200026-CEP Marbella - Coín;202923GE154;NUEVAS TENDENCIAS EN ELABORACIÓN DE PLATOS A LA VISTA DEL CLIENTE EN SALA;Curso;Terminada;03/09/2019;01/10/2019;Form. profesional y art. plast. y diseño
29200026-CEP Marbella - Coín;202923GE158;POSTICERIA PARA CARACTERIZACIÓN Y PELUQUERÍA ONCOLÓGICA;Curso;Terminada;11/11/2019;10/12/2019;Form. profesional y art. plast. y diseño
29200026-CEP Marbella - Coín;202923GE160;ILUMINACIÓN EN EL CINE;Curso;Terminada;03/12/2019;11/12/2019;Form. profesional y art. plast. y diseño
29200026-CEP Marbella - Coín;202923GE163;RECLUTAMIENTO Y SELECCIÓN DE PERSONAL 2.0;Curso a Distancia;Actividad en desarrollo;21/05/2020;19/06/2020;Form. profesional y art. plast. y diseño
29200026-CEP Marbella - Coín;202923GE170;INTEGRACIÓN DE LA COMPETENCIA DIGITAL EN LA GESTIÓN Y LA PRÁCTICA EDUCATIVA DE LA EDUCACIÓN PERMANENTE DE PERSONAS ADULTAS;Curso;Actividad en desarrollo;06/02/2020;22/05/2020;Educación Permanente
29200026-CEP Marbella - Coín;202923GE251;RESOLUCIÓN DE PROBLEMAS MATEMÁTICOS: CREATIVIDAD Y RAZONAMIENTO;Curso;Terminada;12/09/2019;14/09/2019;Internivelar
29200026-CEP Marbella - Coín;202923GE252;TALLER DE PROGRAMACIÓN POR COMPETENCIAS PARA SECUNDARIA;Curso;Terminada;23/09/2019;07/10/2019;Educación secundaria obligatoria
29200026-CEP Marbella - Coín;202923GE255;CURSO DE INICIACIÓN AL USO DE LA PLATAFORMA MOODLE;Curso;Terminada;28/01/2020;11/02/2020;Educación secundaria obligatoria
29200026-CEP Marbella - Coín;202923GE301;CUIDANDO NUESTRA VOZ: USO SALUDABLE  DE LA VOZ Y PREVENCIÓN DE PATOLOGÍA VOCAL.;Curso;Terminada;06/11/2019;27/11/2019;Internivelar
29200026-CEP Marbella - Coín;202923GE303;DISEÑO DE ESTRATEGIAS SENSORIO-MOTRICES EN UN AULA SENSORIAL;Curso;Terminada;04/02/2020;12/02/2020;Internivelar
29200026-CEP Marbella - Coín;202923GE304;DISCALCULIA: ¿DIFICULTADES CON LOS NÚMEROS Y EL CÁLCULO?;Curso;Suspendida;06/02/2020;20/02/2020;Internivelar
29200026-CEP Marbella - Coín;202923GE308;CUIDANDO NUESTRA VOZ: USO SALUDABLE  DE LA VOZ Y PREVENCIÓN DE PATOLOGÍA VOCAL.;Curso;Terminada;07/11/2019;28/11/2019;Internivelar
29200026-CEP Marbella - Coín;202923GE400;FOMENTO DE LA COMUNICACIÓN LINGÜÍSTICA EN LOS CENTROS;Jornadas;Terminada;18/09/2019;18/09/2019;Internivelar
29200026-CEP Marbella - Coín;202923GE401;DIRECCIÓN PARA LA MEJORA DE LOS RESULTADOS ESCOLARES;Curso;Terminada;09/01/2020;23/01/2020;Internivelar
29200026-CEP Marbella - Coín;202923GE402;ALUMNADO CON ALTAS CAPACIDADES INTELECTUALES: AUTOESTIMA Y MENTALIDAD DE CRECIMIENTO;Curso con Seguimiento;Suspendida;12/05/2020;13/05/2020;Internivelar
29200026-CEP Marbella - Coín;202923GE403;JORNADA DE EXPERIENCIAS CON JOLLY PHONICS;Curso con Seguimiento;Suspendida;11/03/2020;11/03/2020;Educación primaria
29200026-CEP Marbella - Coín;202923GE404;JORNADAS EDUCATIVAS COMUNIDAD CEIP BLAS INFANTE;Jornadas;Terminada;09/11/2019;09/11/2019;Internivelar
29200026-CEP Marbella - Coín;202923GE409;ORGANIZA TUS JUEGOS DEL HABLA;Jornadas;Terminada;11/03/2020;20/05/2020;Internivelar
29200026-CEP Marbella - Coín;202923GE471;CONSTRUYENDO LA EDUCACIÓN AFECTIVO-SEXUAL.;Curso;Terminada;08/10/2019;05/11/2019;Educación primaria
29200026-CEP Marbella - Coín;202923GE478;POR UNA SEXUALIDAD SANA (CONSUMO DE  PORNOGRAFÍA Y CONSECUENCIAS  EN LA ADOLESCENCIA );Curso;Suspendida;12/03/2020;23/04/2020;Internivelar
29200026-CEP Marbella - Coín;202923GE551;LOS PROCESOS DE AUTOEVALUACIÓN Y MEJORA COMO BASE DE LA INNOVACIÓN EDUCATIVA;Curso con Seguimiento;Terminada;08/10/2019;04/02/2020;Internivelar
29200026-CEP Marbella - Coín;202923GE554;LIBERA A LA ESCUELA DEL LABERINTO DEL TIEMPO CON  CREATIVIDAD EN 4D;Curso;Terminada;04/02/2020;10/03/2020;Internivelar
29200026-CEP Marbella - Coín;202923GE556;FORMACIÓN ETF: EVALUACIÓN Y LIDERAZGO;Curso;Actividad en desarrollo;10/01/2020;27/05/2020;Otros
29200026-CEP Marbella - Coín;202923GE557;EDUCACIÓN. I CONGRESO INTERNACIONAL DE EDUCACIÓN;Congreso;Suspendida;18/03/2020;19/03/2020;Internivelar
29200026-CEP Marbella - Coín;202923GE601;LA GESTIÓN EMOCIONAL A TRAVÉS DEL MINDFULNESS Y LA COHESIÓN DE GRUPO;Curso;Terminada;18/10/2019;15/11/2019;Enseñanzas de regimen especial
29200026-CEP Marbella - Coín;202923GE604;APRENDIZAJE COOPERATIVO;Curso;Terminada;09/01/2020;30/01/2020;Internivelar
29200026-CEP Marbella - Coín;202923GE605;PROMOTING A GROWTH MINDSET THROUGH INNOVATIVE ACTIVITIES FOR CLIL;Curso;Terminada;02/03/2020;04/03/2020;Internivelar
29200026-CEP Marbella - Coín;202923GE606;MINDFULNESS II;Curso con Seguimiento;Actividad en desarrollo;05/03/2020;10/06/2020;Internivelar
29200026-CEP Marbella - Coín;202923GE607;EL NUEVO CURRÍCULO Y LA MEDIACIÓN EN EL AULA;Curso;Actividad en desarrollo;07/02/2020;27/03/2020;Enseñanzas de regimen especial
29200026-CEP Marbella - Coín;202923GE608;FORMACIÓN PARA JEFATURAS DE ESTUDIO;Curso;Borrador;14/01/2020;28/01/2020;Equipos directivos
29200026-CEP Marbella - Coín;202923GE754;MIRA CON ACIERTO LA DISLEXIA: ''EL LENGUAJE TIENE SENTIDO Y SE PUEDE MODELIZAR'';Curso;Terminada;10/12/2019;12/12/2019;Internivelar
29200026-CEP Marbella - Coín;202923GE755;ASAMBLEAS ESTRUCTURADAS EN E.I Y E.P PARA TRABAJAR LA ORALIDAD CON TU ALUMNADO;Curso con Seguimiento;Terminada;16/01/2020;06/02/2020;Internivelar
29200026-CEP Marbella - Coín;202923GE803;USO DEL CUADERNO DEL PROFESORADO;Curso con Seguimiento;Terminada;11/11/2019;16/02/2020;Internivelar
29200026-CEP Marbella - Coín;202923GE853;KAPICÚA: COMPARTIENDO EXPERIENCIAS MATEMÁTICAS II;Otros;Actividad en desarrollo;08/01/2020;30/04/2020;Internivelar
29200026-CEP Marbella - Coín;202923GE859;CÓMO DAR CLASE A QUIENES NO QUIEREN;Jornadas;Suspendida;15/04/2020;16/04/2020;Internivelar
29200026-CEP Marbella - Coín;202923GE976;COLABORAR PARA AVANZAR: MEJORA DE LA COORDINACIÓN EN GRUPOS DE TRABAJO;Jornadas;Terminada;07/11/2019;07/11/2019;Internivelar
29200026-CEP Marbella - Coín;202923GE977;PRIMEROS AUXILIOS EN URGENCIAS MÁS FRECUENTES (ZONA XXX);Curso con Seguimiento;Borrador;22/04/2020;06/05/2020;Internivelar
29200026-CEP Marbella - Coín;202923GE978;PODCAST Y A DORMIR;Curso Semipresencial;Borrador;15/03/2020;05/06/2020;Internivelar
29200026-CEP Marbella - Coín;202923IC610;JORNADA PROVINCIAL DE PLURILINGÜISMO;Jornadas;Suspendida;15/04/2020;15/04/2020;Internivelar
29200026-CEP Marbella - Coín;202923PA016;COMUNIDADES DE APRENDIZAJE. FASE DE SENSIBILIZACIÓN (I);Curso a Distancia;Terminada;01/11/2019;29/02/2020;Internivelar
29200026-CEP Marbella - Coín;202923PI013;FORMACIÓN PARA EL PROFESORADO GENERAL: ESTRATEGIAS DE EVALUACIÓN EN FRANCÉS LENGUA EXTRANJERA;Curso Semipresencial;Suspendida;11/03/2020;06/05/2020;Educación primaria
29200026-CEP Marbella - Coín;202923PI018;FORMACIÓN PARA EL PROFESORADO GENERAL: ESTRATEGIAS DE EVALUACIÓN EN FRANCÉS LENGUA EXTRANJERA;Curso Semipresencial;Suspendida;11/03/2020;06/05/2020;Educación secundaria obligatoria
29200026-CEP Marbella - Coín;209900PI010;JORNADA PROVINCIAL ETWINNING;Jornadas;Suspendida;19/03/2020;19/03/2020;Internivelar
29200026-CEP Marbella - Coín;209923CI003;ASESORAMIENTO A LA RED DE COORDINACIÓN DEL PLAN DE IGUALDAD DE LA ZONA EDUCATIVA;Curso Semipresencial;Terminada;28/10/2019;29/05/2020;Internivelar
29200026-CEP Marbella - Coín;209923DIG050;JORNADAS DE ASESORAMIENTO PARA EL PROGRAMA PRODIG;Jornadas;Actividad en desarrollo;16/09/2019;30/06/2020;Internivelar
29200026-CEP Marbella - Coín;209923ECO050;JORNADAS DE ASESORAMIENTO PARA EL PROGRAMA ECOESCUELAS;Jornadas;Actividad en desarrollo;18/11/2019;30/06/2020;Internivelar
29200026-CEP Marbella - Coín;209923FP006;JORNADA DE FORMACIÓN FP DUAL;Otros;Terminada;21/10/2019;21/10/2019;Form. profesional y art. plast. y diseño
29200026-CEP Marbella - Coín;209923FP012;CURSO DE FORMACIÓN DE GEMELO DIGITAL Y VIRTUAL APLICADO A LA INDUSTRIA 4.0;Curso;Terminada;26/11/2019;04/12/2019;Form. profesional y art. plast. y diseño
29200026-CEP Marbella - Coín;209923KPF163;USO DE SÉNECA PARA LA EVALUACIÓN POR COMPETENCIAS EN SECUNDARIA;Curso a Distancia;Borrador;15/04/2020;06/05/2020;Internivelar
29200026-CEP Marbella - Coín;209923KRH013;INICIACIÓN A LA PREVENCIÓN DE RIESGOS LABORALES EN LA DOCENCIA;Curso a Distancia;Terminada;15/01/2020;19/02/2020;Internivelar
29200026-CEP Marbella - Coín;209923LIN001;JORNADA DE FORMADOR DE FORMADORES EN DEBATE EDUCATIVO;Jornadas;Terminada;21/10/2019;07/11/2019;Otros
29200026-CEP Marbella - Coín;209923LIN002;EL DEBATE COMO HERRAMIENTA CURRICULAR;Curso con Seguimiento;Borrador;01/11/2019;15/01/2020;Otros
29200026-CEP Marbella - Coín;209923LIN003;FORMACIÓN DESTINADA A JUECES Y JUEZAS DE DEBATE;Curso Semipresencial;Terminada;01/01/2020;15/02/2020;Otros
29200026-CEP Marbella - Coín;209923LIN004;DINAMIZACIÓN DEL II TORNEO DE DEBATE EDUCATIVO DE LA PROVINCIA DE MÁLAGA;Otros;Actividad en desarrollo;01/01/2020;31/03/2020;Educación secundaria obligatoria
29200026-CEP Marbella - Coín;209923PF004;FORMACIÓN DEL PERSONAL FUNCIONARIO EN PRÁCTICAS 2019-20. FASE PRESENCIAL;Curso;Terminada;01/11/2019;31/03/2020;Internivelar
29200026-CEP Marbella - Coín;209923PI002;MÓDULO BÁSICO: REDACCIÓN DE PROYECTOS ERASMUS+;Curso Semipresencial;Terminada;03/12/2019;30/01/2020;Internivelar
29200026-CEP Marbella - Coín;209923PLC050;JORNADAS DE ASESORAMIENTO PARA EL PROGRAMA PROYECTO LINGÜÍSTICO DE CENTRO;Jornadas;Actividad en desarrollo;16/09/2019;30/06/2020;Otros
29200026-CEP Marbella - Coín;209923QAV147;USO DE LA PLATAFORMA MOODLE CENTROS;Curso a Distancia;Borrador;15/04/2020;13/05/2020;Internivelar
29200026-CEP Marbella - Coín;209923RH013;INICIACIÓN A LA PREVENCIÓN DE RIESGOS LABORALES EN LA DOCENCIA;Curso a Distancia;Borrador;13/01/2020;28/02/2020;Internivelar
29200026-CEP Marbella - Coín;209923WAV147;USO DE LA PLATAFORMA MOODLE CENTROS;Curso a Distancia;Terminada;15/04/2020;13/05/2020;Internivelar
29200014-CEP Málaga;20K9922AV090;DALE LA VUELTA A TU CLASE (FLIPPED CLASSROOM);Curso a Distancia;Terminada;30/10/2019;11/12/2019;Internivelar
29200014-CEP Málaga;20Q9922AV090;DALE LA VUELTA A TU CLASE (FLIPPED CLASSROOM);Curso a Distancia;Terminada;04/02/2020;24/03/2020;Internivelar
29200014-CEP Málaga;20W9922AV090;DALE LA VUELTA A TU CLASE (FLIPPED CLASSROOM);Curso a Distancia;Actividad en desarrollo;15/04/2020;27/05/2020;Internivelar
29200014-CEP Málaga;202922GE001;DISEÑO Y FABRICACIÓN DE ELEMENTOS PARA LA CONSTRUCCIÓN EN MADERA;Curso;Terminada;03/09/2019;01/10/2019;Form. profesional y art. plast. y diseño
29200014-CEP Málaga;202922GE002;INSTALACIÓN DE SISTEMAS CON PLACAS DE YESO LAMINADO;Curso con Seguimiento;Terminada;10/09/2019;01/10/2019;Form. profesional y art. plast. y diseño
29200014-CEP Málaga;202922GE003;INTRODUCCIÓN A  SALESFORCE;Curso;Terminada;05/09/2019;01/10/2019;Form. profesional y art. plast. y diseño
29200014-CEP Málaga;202922GE005;GESTIÓN DE ZONAS VERDES CON GIS;Curso Semipresencial;Terminada;05/09/2019;15/10/2019;Form. profesional y art. plast. y diseño
29200014-CEP Málaga;202922GE006;PROGRAMACIÓN, EVALUACIÓN Y GESTIÓN DEL AULA;Curso;Terminada;07/10/2019;21/10/2019;Form. profesional y art. plast. y diseño
29200014-CEP Málaga;202922GE007;TECNOLOGÍAS DE PROPULSIÓN EN VEHÍCULOS HÍBRIDOS Y VEHÍCULOS 100% ELÉCTRICOS;Curso;Terminada;04/09/2019;01/10/2019;Form. profesional y art. plast. y diseño
29200014-CEP Málaga;202922GE012;I CONGRESO INTERNACIONAL DE PRÁCTICAS INNOVADORAS EN EDUCACIÓN INFANTIL;Congreso;Suspendida;11/06/2020;13/06/2020;Educación infantil
29200014-CEP Málaga;202922GE013;INMERSIÓN MOODLE CURSO 2019-20;Curso;Terminada;16/10/2019;23/10/2019;Educación Permanente
29200014-CEP Málaga;202922GE022;ENCUENTRO DUALIZA MÁLAGA. PRESENTE Y FUTURO DE LA FORMACIÓN PROFESIONAL DUAL EN MÁLAGA;Encuentro;Borrador;29/10/2019;29/10/2019;Form. profesional y art. plast. y diseño
29200014-CEP Málaga;202922GE023;INTERNACIONALIZACIÓN EN LA FORMACIÓN PROFESIONAL:  ORGANIZACIÓN, OPORTUNIDADES Y FUTURO;Curso con Seguimiento;Terminada;22/10/2019;05/11/2019;Form. profesional y art. plast. y diseño
29200014-CEP Málaga;202922GE024;NIVEL BÁSICO DE PREVENCIÓN EN CONSTRUCCIÓN;Curso Semipresencial;Terminada;05/11/2019;10/12/2019;Form. profesional y art. plast. y diseño
29200014-CEP Málaga;202922GE030;XIII JORNADAS ANDALUZAS DE LA ENSEÑANZA DE LA ECONOMÍA EN SECUNDARIA;Jornadas;Terminada;14/02/2020;15/02/2020;Educación secundaria obligatoria
29200014-CEP Málaga;202922GE051;INTERVENCIÓN EN ALUMNADO TEA GRAVEMENTE AFECTADO;Curso con Seguimiento;Terminada;05/11/2019;26/11/2019;Orientación educativa
29200014-CEP Málaga;202922GE053;JORNADA DE LA RED MALAGUEÑA DE MEDIACIÓN;Jornadas;Terminada;07/11/2019;07/11/2019;Internivelar
29200014-CEP Málaga;202922GE062;II JORNADAS PROVINCIALES DEL PROFESORADO DE RELIGIÓN;Jornadas;Suspendida;23/05/2020;23/05/2020;Internivelar
29200014-CEP Málaga;202922GE063;PRÁCTICA DEL COMPÁS FLAMENCO: APLICACIÓN PRÁCTICA, DIDÁCTICA Y ARMONÍA;Curso;Terminada;04/10/2019;08/11/2019;Enseñanzas de regimen especial
29200014-CEP Málaga;202922GE064;GESTIÓN DEL ESTRÉS EN ARE;Curso;Terminada;21/10/2019;30/10/2019;Enseñanzas de regimen especial
29200014-CEP Málaga;202922GE065;METODOLOGÍA Y PROFUNDIZACIÓN DEL ''CONTACT IMPROVISATION'' COMO METODOLOGÍA DE LA DANZA CONTEMPORÁNEA;Curso;Terminada;10/09/2019;12/09/2019;Enseñanzas de regimen especial
29200014-CEP Málaga;202922GE066;I CONGRESO NACIONAL SOBRE INVESTIGACIÓN  EN MÚSICA Y ARTES ESCÉNICAS;Congreso;Suspendida;14/03/2020;15/03/2020;Enseñanzas de regimen especial
29200014-CEP Málaga;202922GE067;SKETCHUP AVANZADO PARA ESCUELAS DE ARTE;Curso;Terminada;10/09/2019;11/09/2019;Enseñanzas de regimen especial
29200014-CEP Málaga;202922GE092;IV ENCUENTRO REGIONAL DEL PROFESORADO DE ESPAÑOL PARA EXTRANJEROS DE EEOOII DE ANDALUCÍA;Encuentro;Terminada;21/02/2020;21/02/2020;Educación Permanente
29200014-CEP Málaga;202922GE101;REGULACIÓN Y CONTROL EN LA INDUSTRIA FARMACÉUTICA, BIOTECNOLÓGICA Y AFINES;Curso;Terminada;20/11/2019;12/12/2019;Form. profesional y art. plast. y diseño
29200014-CEP Málaga;202922GE116;JORNADA PRIMER CICLO DE EDUCACIÓN INFANTIL;Jornadas;Suspendida;20/03/2020;20/03/2020;Equipos directivos
29200014-CEP Málaga;202922GE119;FORMACIÓN PARA ORIENTACIÓN EDUCATIVA NOVEL;Curso;Actividad en desarrollo;10/02/2020;02/04/2020;Orientación educativa
29200014-CEP Málaga;202922GE126;EDUCACIÓN. I CONGRESO INTERNACIONAL DE EDUCACIÓN;Congreso;Suspendida;18/03/2020;19/03/2020;Internivelar
29200014-CEP Málaga;202922GE127;I CONGRESO INTERNACIONAL DE PRÁCTICAS INNOVADORAS EN EDUCACIÓN INFANTIL DE 0 A 3 AÑOS;Congreso;Suspendida;23/04/2020;25/04/2020;Educación infantil
29200014-CEP Málaga;202922GE136;FUNCIONAMIENTO DE CAJAS DE CAMBIO AUTOMÁTICAS Y ROBOTIZADAS;Curso;Suspendida;19/05/2020;02/06/2020;Form. profesional y art. plast. y diseño
29200014-CEP Málaga;202922GE139;SOFT SKILLS: LAS COMPETENCIAS MÁS DEMANDADAS POR LAS EMPRESAS 2020;Curso;Suspendida;23/03/2020;16/04/2020;Form. profesional y art. plast. y diseño
29200014-CEP Málaga;202922GE140;LAS PRÁCTICAS RECOMENDADAS EN ATENCIÓN TEMPRANA;Jornadas;Suspendida;15/04/2020;15/04/2020;Internivelar
29200014-CEP Málaga;202922GE141;ASESORAMIENTO A LOS CENTROS EDUCATIVOS POR EL SERVICIO DE INSPECCIÓN EDUCATIVA;Curso;Suspendida;15/05/2020;22/05/2020;Inspección educativa
29200014-CEP Málaga;202922GE142;SUMILLERÍA: VINOS INTERNACIONALES;Curso;Suspendida;14/04/2020;12/05/2020;Form. profesional y art. plast. y diseño
29200014-CEP Málaga;202922GE143;HERRAMIENTAS PROFESIONALES PARA TRABAJAR EN ENTORNO REMOTO;Curso a Distancia;Terminada;15/04/2020;11/05/2020;Form. profesional y art. plast. y diseño
29200014-CEP Málaga;202922GE144;FORTECO. 1.3.2. LANZAMIENTO KUGA PHEV - HÍBRIDO ENCHUFABLE;Curso;Suspendida;13/07/2020;14/07/2020;Form. profesional y art. plast. y diseño
29200014-CEP Málaga;202922GE145;FORTECO.- 1.3.3 TÉCNICO ALTA TENSIÓN;Curso;Borrador;06/07/2020;08/07/2020;Form. profesional y art. plast. y diseño
29200014-CEP Málaga;202922GE146;FORTECO. 1.3.5 TÉCNICO ALTA TENSIÓN HVT;Curso;Suspendida;08/07/2020;09/07/2020;Form. profesional y art. plast. y diseño
29200014-CEP Málaga;202922GE147;FORTECO. 1.4.1 NUEVA GENERACIÓN DE VEHÍCULOS ELÉCTRICOS;Curso;Suspendida;13/07/2020;16/07/2020;Form. profesional y art. plast. y diseño
29200014-CEP Málaga;202922GE148;FORTECO. 4.1.1 DIAGNÓSTICO SOBRE VEHÍCULO;Curso;Suspendida;20/07/2020;22/07/2020;Form. profesional y art. plast. y diseño
29200014-CEP Málaga;202922GE149;FORTECO. 4.1.2 GESTIÓN DE LA ENERGÍA;Curso;Suspendida;01/07/2020;03/07/2020;Form. profesional y art. plast. y diseño
29200014-CEP Málaga;202922GE150;FORTECO. 5.1.1 CURSO A DISTANCIA DE CARROCERÍA;Curso a Distancia;Actividad en desarrollo;04/05/2020;05/06/2020;Form. profesional y art. plast. y diseño
29200014-CEP Málaga;202922GE151;FORTECO. 5.1.2 NUEVOS PROCESOS DE PREPARACIÓN Y ACABADO;Curso;Suspendida;01/07/2020;01/07/2020;Form. profesional y art. plast. y diseño
29200014-CEP Málaga;202922GE152;FORTECO. 5.1.3 VOLKSWAGEN GROUP ALUMINUN WORKSHOP;Curso;Suspendida;08/07/2020;09/07/2020;Form. profesional y art. plast. y diseño
29200014-CEP Málaga;202922GE153;FORTECO. 5.2.2 CURSO DE RM;Curso;Suspendida;30/06/2020;01/07/2020;Form. profesional y art. plast. y diseño
29200014-CEP Málaga;202922GE154;HERRAMIENTAS PROFESIONALES PARA TRABAJAR EN ENTORNO REMOTO (Segunda Edición).;Curso a Distancia;Actividad en desarrollo;11/05/2020;12/06/2020;Form. profesional y art. plast. y diseño
29200014-CEP Málaga;202922GE160;LELENET CONFERENCE MALAGA 2020;Conferencia;Abierto plazo solicitudes;10/06/2020;10/06/2020;Equipos directivos
29200014-CEP Málaga;209922BE001;JORNADAS REDES PROVINCIALES DE BIBLIOTECAS ESCOLARES;Jornadas;Suspendida;07/05/2020;07/05/2020;Internivelar
29200014-CEP Málaga;209922BE002;DINAMIZACIÓN DE LA RED DE BIBLIOTECAS ESCOLARES DE LA PROVINCIA DE MÁLAGA;Otros;Actividad en desarrollo;01/09/2019;31/07/2020;Internivelar
29200014-CEP Málaga;209922CI005A;IMPULSA FORMACIÓN;Curso Semipresencial;Actividad en desarrollo;02/03/2020;30/05/2020;Internivelar
29200014-CEP Málaga;209922CI005B;IMPULSA FORMACIÓN;Curso Semipresencial;Actividad en desarrollo;12/03/2020;30/05/2020;Internivelar
29200014-CEP Málaga;209922EO003;FORMACIÓN PARA EL USO DE LAS NUEVAS HOJAS DE OBSERVACIÓN DE LAS PRUEBAS ESPECÍFICAS TERMINALES DE CERTIFICACIÓN;Jornadas;Terminada;24/01/2020;24/01/2020;Enseñanzas de regimen especial
29200014-CEP Málaga;209922FP005;LA SALUD ESTÁ EN TU MANO;Curso Semipresencial;Actividad en desarrollo;29/10/2019;29/04/2020;Form. profesional y art. plast. y diseño
29200014-CEP Málaga;209922FP009;SIMULADORES PARA EL DIAGNÓSTICO POR IMAGEN DE LA FAMILIA DE SANIDAD;Curso;Terminada;20/11/2019;04/12/2019;Form. profesional y art. plast. y diseño
29200014-CEP Málaga;209922KAV147;USO DE LA PLATAFORMA MOODLE CENTROS;Curso a Distancia;Terminada;23/03/2020;23/04/2020;Internivelar
29200014-CEP Málaga;209922PF003;FORMACIÓN PARA LA MENTORIZACIÓN DE FUNCIONARIOS EN PRÁCTICAS;Curso Semipresencial;Terminada;13/11/2019;26/11/2019;Internivelar
29200014-CEP Málaga;209922PF006;FORMACIÓN PERSONAL FUNCIONARIO EN PRÁCTICAS PRIMARIA 2019-20. FASE ON-LINE;Curso a Distancia;Terminada;25/11/2019;31/03/2020;Internivelar
29200014-CEP Málaga;209922PF015;LA INVESTIGACIÓN AEROESPACIAL APLICADA AL AULA. PROYECTO ESERO KIT 1;Curso Semipresencial;Actividad en desarrollo;28/11/2019;18/05/2020;Educación secundaria obligatoria
29200014-CEP Málaga;209922PF037;LA OBSERVACIÓN PROFESIONAL. ESCUELAS MENTORAS;Curso Semipresencial;Actividad en desarrollo;13/02/2020;31/05/2020;Internivelar
29200014-CEP Málaga;209922PI001;JORNADAS INICIALES ERASMUS+;Jornadas;Terminada;02/12/2019;02/12/2019;Internivelar
29200014-CEP Málaga;209922PI011;JORNADA TRINITY: EL PORTFOLIO COMO HERRAMIENTA PARA LA ENSEÑANZA DE LA EXPRESIÓN ESCRITA;Jornadas;Terminada;14/11/2019;14/11/2019;Internivelar
29200014-CEP Málaga;209922PI012;CURSO DE FORMACIÓN DE FORMADORES Y FORMADORAS DEL PROFESORADO DE FRANCÉS LENGUA EXTRANJERA;Curso Semipresencial;Actividad en desarrollo;14/11/2019;31/05/2020;Otros
29200014-CEP Málaga;209922PI016;JORNADA CAMBRIDGE: PLANIFICACIÓN DE UNA CLASE AICLE;Curso Semipresencial;Terminada;13/02/2020;24/02/2020;Internivelar
29200014-CEP Málaga;209922PI021;ENCUENTRO CENTROS LABEL FRANCÉDUCATION 2020;Encuentro;Borrador;15/04/2020;15/04/2020;Internivelar
29200038-CEP Ronda;20K9924AV058;INTRODUCCIÓN A LAS COMUNIDADES DE APRENDIZAJE;Curso a Distancia;Terminada;30/10/2019;11/12/2019;Internivelar
29200038-CEP Ronda;20Q9924CE143;INNICIA: HERRAMIENTAS PARA EL EMPRENDIMIENTO EDUCATIVO;Curso a Distancia;Terminada;04/02/2020;03/04/2020;Internivelar
29200038-CEP Ronda;20Q9924EA188;PROYECTO EDUCAVES;Curso a Distancia;Terminada;04/02/2020;10/03/2020;Internivelar
29200038-CEP Ronda;202924GE071;EDUCACIÓN. I CONGRESO INTERNACIONAL DE EDUCACIÓN;Congreso;Suspendida;18/03/2020;19/03/2020;Internivelar
29200038-CEP Ronda;209924PF006;JORNADAS PROVINCIALES DE DIRECTORES Y DIRECTORAS: PROCESO DE DIGITALIZACIÓN DE LOS CENTROS;Jornadas;Suspendida;04/06/2020;04/06/2020;Equipos directivos
29200041-CEP Antequera;20K9925AV068;EL APRENDIZAJE COOPERATIVO COMO ESTRATEGIA DE GESTIÓN DEL AULA;Curso a Distancia;Terminada;30/10/2019;11/12/2019;Internivelar
29200041-CEP Antequera;202925FP001;ACTUALIZACIÓN EN TÉCNICAS DE RADIOTERAPIA: BRAQUITERAPIA, TELETERAPIA Y SIMULACIÓN DEL TRATAMIENTO;Curso;Suspendida;18/03/2020;16/05/2020;Form. profesional y art. plast. y diseño
29200041-CEP Antequera;202925FP002;ACTUALIZACIÓN EN EMERGENCIAS: MANEJO DE MATERIAL ELECTROMÉDICO Y PROCEDIMIENTOS DE MOVILIZACIÓN E INMOVILIZACIÓN DE PACIENTES;Curso;Suspendida;19/03/2020;31/05/2020;Form. profesional y art. plast. y diseño
29200041-CEP Antequera;202925FP003;SIMULACIÓN Y VIRTUALIZACION DE APARATOS KNX Y USO DE LA HERRAMIENTA ETS5 (II);Curso con Seguimiento;Terminada;11/09/2019;11/09/2019;Form. profesional y art. plast. y diseño
29200041-CEP Antequera;202925FP004;CODIFICACIÓN DE DIAGNOSTICOS Y PROCEDIMIENTOS CON CIE 10 ES;Curso con Seguimiento;Suspendida;23/09/2019;31/10/2019;Form. profesional y art. plast. y diseño
29200041-CEP Antequera;202925FP005;EVALUACIÓN Y PROGRAMACIÓN EN F.P. LOE;Curso con Seguimiento;Terminada;01/10/2019;12/11/2019;Form. profesional y art. plast. y diseño
29200041-CEP Antequera;202925FP006;INSTALACIONES FRIGORÍFICAS Y CLIMATIZACIÓN;Curso;Terminada;22/10/2019;15/12/2019;Form. profesional y art. plast. y diseño
29200041-CEP Antequera;202925FP007;INICIACIÓN A PROYECTOS ERASMUS + E INTERNACIONALIZACIÓN DE LA FORMACIÓN PROFESIONAL.;Curso;Terminada;20/11/2019;03/12/2019;Form. profesional y art. plast. y diseño
29200041-CEP Antequera;202925FP015;GESTIÓN ADMINISTRATIVA Y ECONÓMICA DE PROYECTOS ERASMUS + EN FORMACIÓN PROFESIONAL;Curso con Seguimiento;Terminada;10/02/2020;05/03/2020;Form. profesional y art. plast. y diseño
29200041-CEP Antequera;202925FP016;REPARACIÓN Y SEGURIDAD DE DISPOSITIVOS MÓVILES;Curso;Suspendida;15/04/2020;20/05/2020;Form. profesional y art. plast. y diseño
29200041-CEP Antequera;202925FP017;SEGURIDAD ALIMENTARIA;Curso a Distancia;En proyecto;30/04/2020;30/06/2020;Form. profesional y art. plast. y diseño
29200041-CEP Antequera;202925GE219;XX JORNADAS DE INNOVACIÓN PEDAGÓGICA DE ANTEQUERA;Jornadas;Suspendida;13/03/2020;14/03/2020;Internivelar
29200041-CEP Antequera;202925GE604;JORNADAS DE BUENAS PRÁCTICAS SOBRE GAMIFICACIÓN;Jornadas;Terminada;11/01/2020;11/01/2020;Internivelar
29200041-CEP Antequera;202925GE613;LA LABOR DE LA INSPECCIÓN DE EDUCACIÓN EN LA EVALUACIÓN Y SEGUIMIENTO DE CENTROS DOCENTES, SERVICIOS, PROGRAMAS Y ACTIVIDADES DEL SISTEMA EDUCATIVO;Jornadas;Terminada;16/01/2020;16/01/2020;Inspección educativa
29200041-CEP Antequera;202925GE614;EDUCACIÓN. I CONGRESO INTERNACIONAL DE EDUCACIÓN;Congreso;Suspendida;18/03/2020;19/03/2020;Internivelar
29200041-CEP Antequera;209925FP007;JORNADA DE FORMACIÓN SÉNECA EXÁMENES ONLINE;Curso;Terminada;19/11/2019;19/11/2019;Form. profesional y art. plast. y diseño
29200041-CEP Antequera;209925FP010;CURSO  ON LINE DE PRÁCTICA EN SIMULADORES DE IMAGEN PARA FAMILIA PROFESIONAL DE SANIDAD;Curso a Distancia;Terminada;05/12/2019;20/12/2019;Form. profesional y art. plast. y diseño
29200041-CEP Antequera;209925FP011;CURSO EN ROBOTSTUDIO ANIMATION;Curso;Terminada;18/11/2019;22/11/2019;Form. profesional y art. plast. y diseño
29200041-CEP Antequera;209925FP012;IV ENCUENTRO DE CENTROS DE CALIDAD;Encuentro;Terminada;28/11/2019;28/11/2019;Form. profesional y art. plast. y diseño
29200041-CEP Antequera;209925FP013;JORNADAS REGIONALES DE ASESORÍAS DE FORMACIÓN PROFESIONAL;Jornadas;Terminada;12/12/2019;13/12/2019;Form. profesional y art. plast. y diseño
29200041-CEP Antequera;209925PF040;JORNADAS DE RESIDENCIAS ESCOLARES;Jornadas;Borrador;24/06/2020;25/06/2020;Comunidad educativa
29200051-CEP Vélez-Málaga;20K9926AV039;EL MCERL EN LA PROGRAMACIÓN DE AULA DE LAS ÁREAS LINGÜÍSTICAS;Curso a Distancia;Terminada;30/10/2019;11/12/2019;Internivelar
29200051-CEP Vélez-Málaga;202926AR509;CONTROL DE LA ANSIEDAD ESCÉNICA DEL ALUMNADO. MOTIVACIÓN EN EL AULA;Conferencia;Suspendida;26/03/2020;27/03/2020;Enseñanzas de regimen especial
29200051-CEP Vélez-Málaga;202926CA507;COMUNIDADES DE APRENDIZAJE. FASE DE SENSIBILIZACIÓN  (C) 2019-2020;Curso Semipresencial;Terminada;04/11/2019;15/02/2020;Internivelar
29200051-CEP Vélez-Málaga;202926FP011;REPARACIÓN Y SEGURIDAD DE DISPOSITIVOS MÓVILES;Curso;Suspendida;19/02/2020;22/04/2020;Form. profesional y art. plast. y diseño
29200051-CEP Vélez-Málaga;202926FP012;VIRTUALIZACIÓN DE SERVIDORES CON PROXMOX;Curso;Suspendida;13/04/2020;27/04/2020;Form. profesional y art. plast. y diseño
29200051-CEP Vélez-Málaga;202926FP013;REPARACIÓN Y SEGURIDAD DE DISPOSITIVOS MÓVILES (Zona Axarquía);Curso;Suspendida;21/04/2020;14/05/2020;Form. profesional y art. plast. y diseño
29200051-CEP Vélez-Málaga;202926GE509;VI JORNADAS PROVINCIALES DE EDUCACIÓN FISICA: EDUCACIÓN FÍSICA Y SALUD;Jornadas;Suspendida;20/05/2020;21/05/2020;Internivelar
29200051-CEP Vélez-Málaga;202926GE805;EDUCACIÓN. I CONGRESO INTERNACIONAL DE EDUCACIÓN;Congreso;Suspendida;18/03/2020;19/03/2020;Internivelar
04200019-CEP Almería;20K9901AV061;GEOGEBRA COMO HERRAMIENTA DIDÁCTICA EN EL AULA;Curso a Distancia;Terminada;30/10/2019;11/12/2019;Educación secundaria obligatoria
04200019-CEP Almería;20401GE084;VIII ENCUENTRO EN ANDALUCÍA. GEOGEBRA EN EL AULA;Jornadas;Suspendida;20/03/2020;21/03/2020;Internivelar
04200019-CEP Almería;20401GE109;METODOLOGÍAS Y HERRAMIENTAS PARA INCENTIVAR EL APRENDIZAJE EN FORMACIÓN PROFESIONAL BÁSICA;Curso a Distancia;Actividad en desarrollo;18/05/2020;15/06/2020;Form. profesional y art. plast. y diseño
04200020-CEP El Ejido;20K9902AV198;EDICIÓN DE PARTITURAS CON MUSESCORE;Curso a Distancia;Terminada;30/10/2019;11/12/2019;Enseñanzas de regimen especial
04200020-CEP El Ejido;20Q9902AV198;EDICIÓN DE PARTITURAS CON MUSESCORE;Curso a Distancia;Terminada;04/02/2020;31/03/2020;Enseñanzas de regimen especial
04200032-CEP Cuevas - Olula;20K9903AV071;LAS MATEMÁTICAS QUE NOS RODEAN;Curso a Distancia;Terminada;30/10/2019;11/12/2019;Educación secundaria obligatoria
04200032-CEP Cuevas - Olula;20Q9903CLT141;AULA DE CINE. ¡LLEVA EL CINE A LAS AULAS!;Curso a Distancia;Terminada;04/02/2020;10/03/2020;Internivelar
04200032-CEP Cuevas - Olula;209903FP010;CURSO  ON LINE DE PRÁCTICA EN SIMULADORES DE IMAGEN PARA FAMILIA PROFESIONAL DE SANIDAD;Curso a Distancia;Terminada;05/12/2019;20/12/2019;Form. profesional y art. plast. y diseño
11200011-CEP Cádiz;20K9904AV043;BLOG AVERROES EN EL AULA;Curso a Distancia;Terminada;30/10/2019;11/12/2019;Internivelar
11200011-CEP Cádiz;20K9904AV070;PROGRAMACIÓN DE VIDEOJUEGOS CON SCRATCH COMO HERRAMIENTA EDUCATIVA;Curso a Distancia;Terminada;30/10/2019;11/12/2019;Internivelar
11200011-CEP Cádiz;20Q9904AV070;PROGRAMACIÓN DE VIDEOJUEGOS CON SCRATCH COMO HERRAMIENTA EDUCATIVA;Curso a Distancia;Terminada;04/02/2020;31/03/2020;Internivelar
11200011-CEP Cádiz;201104MDFP019;ORGANIZACIÓN DE EVENTOS Y PROTOCOLO;Curso;Terminada;25/11/2019;28/11/2019;Form. profesional y art. plast. y diseño
11200011-CEP Cádiz;201104MDFP026;CONGRESO PARA LA INTERNACIONALIZACIÓN DE LA FP EN ANDALUCÍA;Congreso;Terminada;29/11/2019;30/11/2019;Form. profesional y art. plast. y diseño
11200011-CEP Cádiz;201104MDFP035;CONCEPTOS DE DISEÑO Y PREIMPRESIÓN;Curso a Distancia;Actividad en desarrollo;04/05/2020;29/05/2020;Form. profesional y art. plast. y diseño
11200011-CEP Cádiz;201104MDFP036;GESTIÓN DE PROYECTOS ERASMUS+ DE FORMACIÓN PROFESIONAL EN CENTROS DOCENTES ANDALUCES;Curso a Distancia;Actividad en desarrollo;27/04/2020;29/05/2020;Form. profesional y art. plast. y diseño
11200011-CEP Cádiz;201104MDFP037;ELABORACIÓN DE MATERIALES PARA AULAS VIRTUALES UTILIZANDO LA HERRAMIENTA EXELEARNING;Curso a Distancia;Actividad en desarrollo;27/04/2020;25/05/2020;Form. profesional y art. plast. y diseño
11200023-CEP Jerez de la Frontera;20Q9905AV106;LA BIBLIOTECA ESCOLAR COMO CENTRO DE RECURSOS PARA LA ENSEÑANZA Y EL APRENDIZAJE. CURSO 1;Curso a Distancia;Terminada;04/02/2020;24/03/2020;Internivelar
11200023-CEP Jerez de la Frontera;20Q9905AV108;PROGRAMAS PARA LA EDUCACIÓN EN EL USO DE LA INFORMACIÓN Y DE LOS RECURSOS DE APRENDIZAJE ARTICULADOS POR LA BIBLIOTECA ESCOLAR. CURSO 2;Curso a Distancia;Terminada;04/02/2020;24/03/2020;Internivelar
11200023-CEP Jerez de la Frontera;20Q9905AV110;SELECCIÓN DE RECURSOS DIGITALES Y UTILIZACIÓN DE HERRAMIENTAS DEL LA WEB SOCIAL PARA LA BIBLIOTECA ESCOLAR. CURSO 3;Curso a Distancia;Terminada;04/02/2020;24/03/2020;Internivelar
11200023-CEP Jerez de la Frontera;20Q9905AV131;BIBLIOWEB;Curso a Distancia;Terminada;04/02/2020;24/03/2020;Internivelar
11200023-CEP Jerez de la Frontera;201105FP119;HABILIDADES BLANDAS (SOFT SKILLS):COMPETENCIAS Y HABILIDADES PARA EL EMPLEO.;Curso a Distancia;Actividad en desarrollo;29/04/2020;29/05/2020;Form. profesional y art. plast. y diseño
11200023-CEP Jerez de la Frontera;201105IN052;XII ENCUENTRO ANDALUZ DE BLOGS EDUCATIVOS (EABE20);Encuentro;Suspendida;27/03/2020;28/03/2020;Internivelar
11200023-CEP Jerez de la Frontera;209905BE003;VIII JORNADAS REGIONALES DE LA RED ANDALUZA DE BIBLIOTECAS ESCOLARES;Jornadas;Terminada;05/02/2020;05/02/2020;Otros
11200023-CEP Jerez de la Frontera;209905BE004;DINAMIZACIÓN DE LA RED REGIONAL DE BIBLIOTECAS ESCOLARES;Otros;Borrador;01/09/2019;31/07/2020;Internivelar
11200023-CEP Jerez de la Frontera;209905PF039;XIII JORNADAS. LA DIRECCIÓN ESCOLAR: PREPÁRATE PARA SER, NO PARA PARECER;Jornadas;Terminada;12/03/2020;13/03/2020;Equipos directivos
11200035-CEP Villamartín;20K9906AV024;CREACIÓN DE MATERIALES EDUCATIVOS CON EXELEARNING Y AGREGA;Curso a Distancia;Terminada;30/10/2019;18/12/2019;Internivelar
11200035-CEP Villamartín;20K9906AV128;INNOVATIVE TEACHING PRACTICES SUPPORTED BY THE FOCUSED USE OF ICT TOOLS IN THE LANGUAGE CLASSROOM;Curso a Distancia;Terminada;30/10/2019;11/12/2019;Internivelar
11200035-CEP Villamartín;20Q9906AV024;CREACIÓN DE MATERIALES EDUCATIVOS CON EXELEARNING Y AGREGA;Curso a Distancia;Terminada;04/02/2020;31/03/2020;Internivelar
11200035-CEP Villamartín;20Q9906AV128;INNOVATIVE TEACHING PRACTICES SUPPORTED BY THE FOCUSED USE OF ICT TOOLS IN THE LANGUAGE CLASSROOM;Curso a Distancia;Terminada;04/02/2020;31/03/2020;Internivelar
11200047-CEP Algeciras - La Línea;20K9907AV089;MOBILE LEARNING Y REALIDAD AUMENTADA;Curso a Distancia;Terminada;30/10/2019;11/12/2019;Internivelar
11200047-CEP Algeciras - La Línea;20W9907AV089;MOBILE LEARNING Y REALIDAD AUMENTADA;Curso a Distancia;Actividad en desarrollo;15/04/2020;27/05/2020;Internivelar
14200010-CEP Córdoba;20K9908AV127;LA PRÁCTICA DE LA ESCRITURA CREATIVA EN LAS AULAS: NUEVAS POSIBILIDADES;Curso a Distancia;Terminada;30/10/2019;11/12/2019;Internivelar
14200010-CEP Córdoba;20K9908AV164;PROYECTOS STEAM BASADOS EN PENSAMIENTO COMPUTACIONAL Y CULTURA MAKER;Curso a Distancia;Terminada;30/10/2019;11/12/2019;Internivelar
14200010-CEP Córdoba;20K9908AV195;DISEÑO DE TAREAS COMPETENCIALES POR ESPECIALIDADES EN SECUNDARIA;Curso a Distancia;Terminada;30/10/2019;11/12/2019;Educación secundaria obligatoria
14200010-CEP Córdoba;20Q9908AV195;DISEÑO DE TAREAS COMPETENCIALES POR ESPECIALIDADES EN SECUNDARIA;Curso a Distancia;Terminada;04/02/2020;24/03/2020;Educación secundaria obligatoria
14200010-CEP Córdoba;20W9908AV164;PROYECTOS STEAM BASADOS EN PENSAMIENTO COMPUTACIONAL Y CULTURA MAKER;Curso a Distancia;Actividad en desarrollo;15/04/2020;27/05/2020;Internivelar
14200010-CEP Córdoba;20W9908AV195;DISEÑO DE TAREAS COMPETENCIALES POR ESPECIALIDADES EN SECUNDARIA;Curso a Distancia;Actividad en desarrollo;15/04/2020;27/05/2020;Educación secundaria obligatoria
14200010-CEP Córdoba;201408RE001;XV JORNADAS DE ESCUELAS DE ARTE DE ANDALUCIA;Jornadas;Suspendida;27/03/2020;28/03/2020;Enseñanzas de regimen especial
14200010-CEP Córdoba;201408RE002;JORNADA DE TRABAJO DE COORDINADORES ERASMUS+ EN ESCUELAS DE ARTE DE ANDALUCIA;Jornadas;Suspendida;27/03/2020;27/03/2020;Enseñanzas de regimen especial
14200010-CEP Córdoba;209908CI002;PROGRAMA DE PREVENCIÓN DEL ACOSO ESCOLAR Y CIBERACOSO (CONRED) EN CENTROS EDUCATIVOS;Curso a Distancia;Actividad en desarrollo;06/03/2020;25/05/2020;Internivelar
14200010-CEP Córdoba;209908EP001;INTRODUCCIÓN A LA TUTORIZACIÓN Y EVALUACIÓN EN LA MODALIDAD SEMIPRESENCIAL CON MOODLE;Curso a Distancia;Terminada;15/10/2019;17/12/2019;Educación Permanente
14200010-CEP Córdoba;209908EP002;EVALUACION FORMATIVA AVANZADA EN EL AULA VIRTUAL MOODLE PARA EDUCACIÓN PERMANENTE SEMIPRESENCIAL;Curso a Distancia;Terminada;15/10/2019;17/12/2019;Educación Permanente
14200010-CEP Córdoba;209908IP001;JORNADA DE LA INSPECCIÓN DE EDUCACIÓN DE ANDALUCÍA : HACIA LA DIGITALIZACIÓN DESDE EL PLAN DE INSPECCIÓN;Jornadas;Terminada;05/09/2019;05/09/2019;Inspección educativa
14200022-CEP Peñarroya-Pueblonuevo;20K9909AV019;COMUNIDAD DE LECTORES Y ESCRITORES EN EL ÁMBITO ESCOLAR;Curso a Distancia;Terminada;30/10/2019;11/12/2019;Internivelar
14200022-CEP Peñarroya-Pueblonuevo;20W9909PF151;HERRAMIENTAS DIGITALES PARA LA ENSEÑANZA A DISTANCIA;Curso a Distancia;Actividad en desarrollo;15/04/2020;20/05/2020;Internivelar
14200034-CEP Priego - Montilla;20K9910AV042;ESTRATEGIAS PARA LA ATENCIÓN A LA DIVERSIDAD DEL ALUMNADO EN EL AULA ORDINARIA;Curso a Distancia;Terminada;30/10/2019;11/12/2019;Internivelar
14200034-CEP Priego - Montilla;209910FP015;I JORNADAS DE INNOVACIÓN EN VITIVINICULTURA ANDALUZA;Jornadas;Terminada;29/11/2019;30/11/2019;Form. profesional y art. plast. y diseño
14200034-CEP Priego - Montilla;209910FP020;CURSO DE CORRECCIÓN DE COLOR CON DAVINCI RESOLVE;Curso Semipresencial;Publicadas Listas Definitivas ;20/05/2020;24/06/2020;Form. profesional y art. plast. y diseño
18200016-CEP Granada;20W9911AV132;AULADJAQUE: AJEDREZ Y PENSAMIENTO INTERDISCIPLINAR;Curso a Distancia;Actividad en desarrollo;15/04/2020;27/05/2020;Internivelar
18200016-CEP Granada;201811GE044;FERIA DE LA IMAGEN PERSONAL;Jornadas;Terminada;21/02/2020;21/02/2020;Form. profesional y art. plast. y diseño
18200016-CEP Granada;201811GE221;POSIBILIDADES Y PRÁCTICA DEL DIÁLOGO EN EL AULA EN TIEMPOS DE CONFINAMIENTO.;Curso;Publicadas Listas Definitivas ;20/05/2020;10/06/2020;Educación secundaria obligatoria
18200016-CEP Granada;209911CI001;PROGRAMA DE PREVENCIÓN DEL ACOSO ESCOLAR Y CIBERACOSO. FORMACIÓN DE FORMADORES;Jornadas;Terminada;26/11/2019;02/12/2019;Internivelar
18200016-CEP Granada;209911EA001;VIII ENCUENTRO  DE LA RED ANDALUZA DE ECOESCUELAS;Encuentro;Terminada;22/11/2019;23/11/2019;Internivelar
18200016-CEP Granada;209911EP003;PROYECTOS COLABORATIVOS EPALE Y ERASMUS+ (Andalucía Oriental: Granada, Almería, Jaén y Málaga);Jornadas;Suspendida;06/05/2020;06/05/2020;Educación Permanente
18200016-CEP Granada;209911KAV074;LA TUTORIZACIÓN EN EL AULA VIRTUAL DE FORMACIÓN DEL PROFESORADO;Curso a Distancia;Terminada;13/01/2020;24/02/2020;Internivelar
18200016-CEP Granada;209911KFP003;TUTORIZACIÓN Y DOCENCIA EN FORMACIÓN PROFESIONAL A DISTANCIA;Curso a Distancia;Terminada;20/09/2019;18/10/2019;Form. profesional y art. plast. y diseño
18200016-CEP Granada;209911KFP004;TUTORIZACIÓN Y DOCENCIA EN FORMACIÓN PROFESIONAL SEMIPRESENCIAL;Curso a Distancia;Terminada;20/09/2019;18/10/2019;Form. profesional y art. plast. y diseño
18200016-CEP Granada;209911PF001;JORNADAS REGIONALES DE FORMACIÓN Y ENCUENTRO DE LAS ASESORÍAS. ZONA ORIENTAL;Jornadas;Terminada;01/10/2019;01/10/2019;Asesorías de formación
18200016-CEP Granada;209911PF014;JORNADA FORMACIÓN EMBAJADORES ESERO;Jornadas;Terminada;16/11/2019;16/11/2019;Internivelar
18200016-CEP Granada;209911PF018;XII JORNADAS DEL CONSEJO ESCOLAR DE ANDALUCÍA;Jornadas;Terminada;29/11/2019;30/11/2019;Internivelar
18200028-CEP Motril;20K9912AV091;ABP. APRENDIZAJE BASADO EN PROYECTOS (INFANTIL Y PRIMARIA);Curso a Distancia;Terminada;30/10/2019;11/12/2019;Internivelar
18200028-CEP Motril;20Q9912AV091;ABP. APRENDIZAJE BASADO EN PROYECTOS (INFANTIL Y PRIMARIA);Curso a Distancia;Terminada;04/02/2020;24/03/2020;Internivelar
18200028-CEP Motril;20W9912AV091;ABP. APRENDIZAJE BASADO EN PROYECTOS (INFANTIL Y PRIMARIA);Curso a Distancia;Actividad en desarrollo;15/04/2020;27/05/2020;Internivelar
18200028-CEP Motril;209912FP019;ELABORACIÓN DE ANIMACIONES, VIDEOTUTORIALES Y UTILIZACIÓN DE VIDEOCONFERENCIAS EN FORMACIÓN PROFESIONAL;Curso a Distancia;Publicadas Listas Definitivas ;27/05/2020;26/06/2020;Form. profesional y art. plast. y diseño
18200028-CEP Motril;209912PF038;XX JORNADAS REGIONALES DE DIRECTORES/AS DE INSTITUTO. LA FUNCIÓN DIRECTIVA: PRÁCTICA, ACCIONES Y OBLIGACIONES;Jornadas;Terminada;05/03/2020;06/03/2020;Equipos directivos
18200031-CEP Guadix;20K9913AV062;LA ENSEÑANZA BILINGÜE: AICLE I;Curso a Distancia;Terminada;30/10/2019;11/12/2019;Internivelar
18200031-CEP Guadix;209913PF300;AULA TALLER MOODLE CENTROS;Curso a Distancia;En proyecto;28/04/2020;15/05/2020;Otros
18200041-CEP Baza;20K9914AV088;ATENCIÓN A LA DIVERSIDAD EN APRENDIZAJE DE IDIOMAS;Curso a Distancia;Terminada;30/10/2019;11/12/2019;Internivelar
18200041-CEP Baza;20W9914AV036;EDICIÓN DE AUDIO: ESTRATEGIAS METODOLÓGICAS PARA EL ENTORNO EDUCATIVO Y EL AULA DE MÚSICA;Curso a Distancia;Actividad en desarrollo;15/04/2020;27/05/2020;Enseñanzas de regimen especial
21200013-CEP Huelva - Isla Cristina;20K9915AV065;LEER, ESCRIBIR, EXPRESARSE... EN TODAS LAS ÁREAS DE SECUNDARIA;Curso a Distancia;Terminada;30/10/2019;11/12/2019;Educación secundaria obligatoria
21200013-CEP Huelva - Isla Cristina;20K9915AV066;LEER, ESCRIBIR, EXPRESARSE... EN TODAS LAS ÁREAS DE PRIMARIA;Curso a Distancia;Terminada;30/10/2019;11/12/2019;Educación primaria
21200013-CEP Huelva - Isla Cristina;20Q9915EA114;PROYECTO RECAPACICLA;Curso a Distancia;Terminada;04/02/2020;16/03/2020;Internivelar
21200013-CEP Huelva - Isla Cristina;20Q9915EA189;PROYECTO SEMILLA;Curso a Distancia;Terminada;04/02/2020;01/04/2020;Internivelar
21200013-CEP Huelva - Isla Cristina;20W9915PF150;INCORPORACIÓN DE LAS APLICACIONES ISÉNECA E IPASEN EN LA PRÁCTICA DOCENTE;Curso a Distancia;Terminada;15/04/2020;13/05/2020;Internivelar
21200013-CEP Huelva - Isla Cristina;202115FP12;FP: TALLER INICIACION AL MOULAGE;Curso;Terminada;29/11/2019;01/12/2019;Form. profesional y art. plast. y diseño
21200013-CEP Huelva - Isla Cristina;202115FP14;FP: ILUMINACIÓN - WYSIWYG;Curso;Terminada;03/12/2019;11/12/2019;Form. profesional y art. plast. y diseño
21200013-CEP Huelva - Isla Cristina;209915PI015;JORNADA PARA EL PROFESORADO DE PORTUGUÉS LENGUA EXTRANJERA;Jornadas;Terminada;29/11/2019;29/11/2019;Internivelar
21200013-CEP Huelva - Isla Cristina;209915PI017;CURSO PARA EL PROFESORADO DE PORTUGUÉS LENGUA EXTRANJERA;Curso Semipresencial;Terminada;08/01/2020;30/04/2020;Internivelar
21200025-CEP Bollullos - Valverde;20K9916AV060;NUEVAS TENDENCIAS METODOLÓGICAS EN EDUCACIÓN FÍSICA;Curso a Distancia;Terminada;30/10/2019;11/12/2019;Internivelar
21200037-CEP Aracena;20K9917AV067;METODOLOGÍA DEL TRABAJO INVESTIGADOR EN EL CENTRO EDUCATIVO;Curso a Distancia;Terminada;30/10/2019;16/12/2019;Internivelar
21200037-CEP Aracena;20Q9917EA107;PROYECTO TERRAL;Curso a Distancia;Terminada;04/02/2020;24/03/2020;Internivelar
21200037-CEP Aracena;20W9917PF153;LAS TICS EN EL ÁREA DE EDUCACIÓN FÍSICA;Curso a Distancia;Actividad en desarrollo;15/04/2020;20/05/2020;Internivelar
23200016-CEP Jaén;20K9918AV167;DETECCIÓN, IDENTIFICACIÓN Y ORIENTACIÓN DIRIGIDA AL ALUMNADO CON NECESIDADES ESPECÍFICAS DE APOYO EDUCATIVO;Curso a Distancia;Terminada;30/10/2019;11/12/2019;Internivelar
23200016-CEP Jaén;20W9918AV142;VIVIR Y SENTIR EL PATRIMONIO COMO RECURSO E INSTRUMENTO EDUCATIVO;Curso a Distancia;Actividad en desarrollo;15/04/2020;20/05/2020;Internivelar
23200016-CEP Jaén;202318GE200;JORNADA REGIONAL ERASMUS+ PARA FORMACIÓN PROFESIONAL;Jornadas;Terminada;28/11/2019;28/11/2019;Form. profesional y art. plast. y diseño
23200016-CEP Jaén;202318GE225;ÓRBITAS;Encuentro;Suspendida;19/03/2020;20/03/2020;Enseñanzas de regimen especial
23200028-CEP Linares - Andújar;209919FP069;NUEVAS TECNOLOGÍAS APLICADAS A LA ELABORACIÓN Y ACTUALIZACIÓN DE MATERIALES PARA FORMACIÓN PROFESIONAL A DISTANCIA Y SEMIPRESENCIAL;Curso a Distancia;Terminada;21/01/2020;31/03/2020;Form. profesional y art. plast. y diseño
23200031-CEP Úbeda;20K9920AV166;EL MCERL EN LA PROGRAMACIÓN DE AULA DE LAS ÁREAS NO LINGÜÍSTICAS;Curso a Distancia;Terminada;30/10/2019;18/12/2019;Internivelar
23200031-CEP Úbeda;20Q9920AV043;BLOG AVERROES EN EL AULA;Curso a Distancia;Terminada;04/02/2020;31/03/2020;Internivelar
23200031-CEP Úbeda;20W9920AV043;BLOG AVERROES EN EL AULA;Curso a Distancia;Actividad en desarrollo;15/04/2020;27/05/2020;Internivelar
23200031-CEP Úbeda;209920FP001;CREACIÓN DE MATERIALES REALISTAS PBR PARA VIDEOJUEGOS O CINE CON SUBSTANCE PAINTER.;Curso a Distancia;Suspendida;29/11/2019;17/12/2019;Form. profesional y art. plast. y diseño
23200031-CEP Úbeda;209920FP018;ELABORACIÓN DE PROYECTOS DE FP DUAL;Curso a Distancia;Actividad en desarrollo;06/05/2020;29/05/2020;Form. profesional y art. plast. y diseño
23200041-CEP Orcera;20K9921AV050;LA EDUCACIÓN INTERCULTURAL DE LA TEORÍA A LA PRÁCTICA;Curso a Distancia;Terminada;30/10/2019;11/12/2019;Internivelar
23200041-CEP Orcera;20K9921AV122;PROPIEDAD INTELECTUAL;Curso a Distancia;Terminada;30/10/2019;20/11/2019;Internivelar
23200041-CEP Orcera;20W9921AV122;PROPIEDAD INTELECTUAL;Curso a Distancia;Terminada;15/04/2020;06/05/2020;Internivelar
41200017-CEP Sevilla;20K9927AV036;EDICIÓN DE AUDIO: ESTRATEGIAS METODOLÓGICAS PARA EL ENTORNO EDUCATIVO Y EL AULA DE MÚSICA;Curso a Distancia;Terminada;30/10/2019;11/12/2019;Enseñanzas de regimen especial
41200017-CEP Sevilla;20Q9927AV036;EDICIÓN DE AUDIO: ESTRATEGIAS METODOLÓGICAS PARA EL ENTORNO EDUCATIVO Y EL AULA DE MÚSICA;Curso a Distancia;Terminada;04/02/2020;31/03/2020;Enseñanzas de regimen especial
41200017-CEP Sevilla;20W9927AV024;CREACIÓN DE MATERIALES EDUCATIVOS CON EXELEARNING Y AGREGA;Curso a Distancia;Actividad en desarrollo;15/04/2020;27/05/2020;Internivelar
41200017-CEP Sevilla;204127ACT007;PROYECTOS PARA LA XVIII FERIA DE LA CIENCIA (I);Curso a Distancia;Actividad en desarrollo;30/01/2020;19/06/2020;Internivelar
41200017-CEP Sevilla;204127ACT008;PROYECTOS PARA LA XVIII FERIA DE LA CIENCIA (II);Curso a Distancia;Actividad en desarrollo;30/01/2020;19/06/2020;Internivelar
41200017-CEP Sevilla;204127ACT009;PRESENTACIÓN DE PROYECTOS DE LA XVIII FERIA DE LA CIENCIA. UN DÍA;Jornadas;Suspendida;14/05/2020;14/05/2020;Internivelar
41200017-CEP Sevilla;204127ACT010;PRESENTACIÓN DE PROYECTOS DE LA XVIII FERIA DE LA CIENCIA. DOS DÍAS;Jornadas;Suspendida;14/05/2020;15/05/2020;Internivelar
41200017-CEP Sevilla;204127ACT011;PRESENTACIÓN DE PROYECTOS DE LA XVIII FERIA DE LA CIENCIA. TRES DÍAS;Jornadas;Suspendida;14/05/2020;16/05/2020;Internivelar
41200017-CEP Sevilla;204127AFP009;ACTUALIZACIÓN EN AUDIOLOGÍA PROTÉSICA;Curso;Terminada;11/11/2019;02/12/2019;Form. profesional y art. plast. y diseño
41200017-CEP Sevilla;204127AFP014;TÉCNICAS EN EMERGENCIAS SANITARIAS;Curso;Terminada;28/11/2019;19/12/2019;Form. profesional y art. plast. y diseño
41200017-CEP Sevilla;204127AFP018;CARACTERIZACIÓN: NUEVAS TECNOLOGÍAS Y EFECTOS ESPECIALES DE MAQUILLAJE.;Curso;Terminada;23/11/2019;14/12/2019;Form. profesional y art. plast. y diseño
41200017-CEP Sevilla;204127AFP038;ACTUALIZACIÓN EN AUDIOLOGÍA PROTÉSICA (II);Curso;Terminada;06/02/2020;20/02/2020;Form. profesional y art. plast. y diseño
41200017-CEP Sevilla;204127ARE013;ENCUENTRO DEL PROFESORADO DE FOTOGRAFÍA  EA;Encuentro;Suspendida;27/05/2020;03/06/2020;Enseñanzas de regimen especial
41200017-CEP Sevilla;204127REL011;XIV  ENCUENTRO PROFESORADO DE ENSEÑANZA RELIGIOSA EVANGÉLICA''CAMINO DE EMAÚS'';Curso Semipresencial;Terminada;15/11/2019;05/12/2019;Internivelar
41200017-CEP Sevilla;204127REL012;GAMIFICACIÓN EN EL AULA DE RELIGIÓN EVANGÉLICA;Curso a Distancia;Terminada;13/01/2020;11/03/2020;Internivelar
41200017-CEP Sevilla;204127REL013;HISTORIA BÍBLICA.RECURSOS PARA EL AULA DE RELIGIÓN EVANGÉLICA;Curso a Distancia;Actividad en desarrollo;01/04/2020;02/06/2020;Internivelar
41200017-CEP Sevilla;204127REL014;BIOÉTICA. ACTUALIZACIÓN CURRICULAR;Jornadas;Terminada;15/02/2020;15/02/2020;Internivelar
41200017-CEP Sevilla;209927CI006;JORNADA FORMACIÓN DE ESCUELA CULTURA DE PAZ, EN LOS VALORES DEL DEPORTE, LA MÚSICA Y EL VOLUNTARIADO;Jornadas;Actividad en desarrollo;13/03/2020;13/03/2020;Internivelar
41200017-CEP Sevilla;209927CI007;I CONGRESO ANDALUZ DE COEDUCACIÓN: EDUCACIÓN Y FEMINISMO;Congreso;Abierto plazo solicitudes;05/03/2020;06/03/2020;Internivelar
41200017-CEP Sevilla;209927FP001;JORNADAS ANDALUZAS DE FORMACIÓN PROFESIONAL DE LAS FAMILIAS PROFESIONALES DE QUÍMICA Y MARÍTIMO-PESQUERA;Jornadas;Terminada;26/09/2019;27/09/2019;Form. profesional y art. plast. y diseño
41200017-CEP Sevilla;209927FP008;JORNADA DE CONTRASTE SOBRE EL ESTADO DE LA ORIENTACIÓN PROFESIONAL EN ANDALUCÍA;Jornadas;Terminada;14/11/2019;14/11/2019;Orientación educativa
41200017-CEP Sevilla;209927OE146;INTERVENCIÓN EDUCATIVA PARA ALUMNADO CON TEA;Curso a Distancia;Publicadas Listas Definitivas ;18/05/2020;18/06/2020;Orientación educativa
41200017-CEP Sevilla;209927PA001;I ENCUENTRO DE ASESORÍAS DE REFERENCIA EN COMUNIDADES DE APRENDIZAJE EN ANDALUCÍA;Jornadas;Suspendida;18/03/2020;18/03/2020;Asesorías de formación
41200017-CEP Sevilla;209927PF001;JORNADAS REGIONALES DE FORMACIÓN Y ENCUENTRO DE LAS ASESORÍAS. ZONA OCCIDENTAL;Jornadas;Terminada;03/10/2019;03/10/2019;Asesorías de formación
41200017-CEP Sevilla;209927PF999;PRUEBAS FUNCIONARIOS PRACTICAS 2019;Curso a Distancia;En proyecto;09/11/2019;10/11/2019;Educación primaria
41200017-CEP Sevilla;209927PI012;CURSO DE FORMACIÓN DE FORMADORES Y FORMADORAS DEL PROFESORADO DE FRANCÉS LENGUA EXTRANJERA;Curso Semipresencial;Actividad en desarrollo;14/11/2019;30/06/2020;Otros
41200017-CEP Sevilla;209927PI014;PEDAGOGÍA TEATRAL PARA LA ENSEÑANZA  DEL ALEMAN;Jornadas;Terminada;06/03/2020;07/03/2020;Internivelar
41200017-CEP Sevilla;209927PI021;ENCUENTRO CENTROS LABEL FRANCÉDUCATION 2020;Encuentro;Borrador;07/05/2020;07/05/2020;Internivelar
41200029-CEP Castilleja de la Cuesta;20K9928AV171;PROGRAMACIÓN DE SIMULACIONES EDUCATIVAS CON SNAP;Curso a Distancia;Terminada;30/10/2019;11/12/2019;Internivelar
41200029-CEP Castilleja de la Cuesta;204128ES026;BACHILLERATO INTERNACIONAL (PERSONAL DE DIRECCIÓN);Curso;Terminada;10/12/2019;13/12/2019;Bachillerato
41200029-CEP Castilleja de la Cuesta;204128ES027;BACHILLERATO INTERNACIONAL (COORDINACIÓN);Curso;Terminada;12/12/2019;13/12/2019;Bachillerato
41200029-CEP Castilleja de la Cuesta;204128ES062;BACHILLERATO INTERNACIONAL - PRIMERA EDICIÓN;Curso;Terminada;24/01/2020;25/01/2020;Bachillerato
41200029-CEP Castilleja de la Cuesta;204128ES063;BACHILLERATO INTERNACIONAL - SEGUNDA EDICION;Curso;Terminada;31/01/2020;01/02/2020;Bachillerato
41200029-CEP Castilleja de la Cuesta;204128ES064;BACHILLERATO INTERNACIONAL - TERCERA EDICIÓN;Curso;Terminada;07/02/2020;08/02/2020;Bachillerato
41200029-CEP Castilleja de la Cuesta;204128ES065;BACHILLERATO INTERNACIONAL - CUARTA EDICIÓN;Curso;Terminada;14/02/2020;15/02/2020;Bachillerato
41200029-CEP Castilleja de la Cuesta;204128ES066;BACHILLERATO INTERNACIONAL - QUINTA EDICIÓN;Curso;Borrador;20/01/2020;20/01/2020;Bachillerato
41200029-CEP Castilleja de la Cuesta;209928FP001;JORNADAS ANDALUZAS DE FORMACIÓN PROFESIONAL DE LA FAMILIA PROFESIONAL DE MADERA MUEBLE Y CORCHO;Jornadas;Terminada;26/09/2019;27/09/2019;Form. profesional y art. plast. y diseño
41200029-CEP Castilleja de la Cuesta;209928FP148;TUTORIZACIÓN Y DOCENCIA TELEMÁTICA EN FORMACIÓN PROFESIONAL;Curso a Distancia;Terminada;01/04/2020;20/04/2020;Form. profesional y art. plast. y diseño
41200029-CEP Castilleja de la Cuesta;209928QFP148;TUTORIZACIÓN Y DOCENCIA TELEMÁTICA EN FORMACIÓN PROFESIONAL SEGUNDA EDICIÓN;Curso a Distancia;Terminada;15/04/2020;03/05/2020;Form. profesional y art. plast. y diseño
41200030-CEP Osuna - Écija;20K9929AV094;LO HICE Y APRENDÍ: CÓMO USAR MOODLE PARA EL TRABAJO DIARIO EN EL AULA;Curso a Distancia;Terminada;30/10/2019;11/12/2019;Internivelar
41200030-CEP Osuna - Écija;20Q9929AV094;LO HICE Y APRENDÍ: CÓMO USAR MOODLE PARA EL TRABAJO DIARIO EN EL AULA;Curso a Distancia;Terminada;04/02/2020;24/03/2020;Internivelar
41200030-CEP Osuna - Écija;20W9929AV094;LO HICE Y APRENDÍ: CÓMO USAR MOODLE PARA EL TRABAJO DIARIO EN EL AULA;Curso a Distancia;Actividad en desarrollo;15/04/2020;27/05/2020;Internivelar
41200030-CEP Osuna - Écija;209929EO001;JORNADAS SOBRE SELECCIÓN Y EVALUACIÓN DE LA DIRECCIÓN ESCOLAR;Jornadas;Terminada;27/11/2019;27/11/2019;Internivelar
41200030-CEP Osuna - Écija;209929FP001;JORNADAS ANDALUZAS DE FORMACIÓN PROFESIONAL DE LAS FAMILIAS PROFESIONALES DE ARTES GRÁFICAS Y TEXTIL CONFECCIÓN Y PIEL;Jornadas;Terminada;26/09/2019;27/09/2019;Form. profesional y art. plast. y diseño
41200042-CEP Alcalá de Guadaíra;20K9930AV165;PENSAMIENTO COMPUTACIONAL SIN DISPOSITIVOS EN INFANTIL Y PRIMARIA;Curso a Distancia;Terminada;30/10/2019;11/12/2019;Internivelar
41200042-CEP Alcalá de Guadaíra;20Q9930AV165;PENSAMIENTO COMPUTACIONAL SIN DISPOSITIVOS EN INFANTIL Y PRIMARIA;Curso a Distancia;Terminada;04/02/2020;24/03/2020;Internivelar
41200042-CEP Alcalá de Guadaíra;20W9930PF154;USO DE RECURSOS EDUCATIVOS ABIERTOS;Curso a Distancia;Terminada;15/04/2020;20/05/2020;Internivelar
41200042-CEP Alcalá de Guadaíra;209930FP001;JORNADAS ANDALUZAS DE FORMACIÓN PROFESIONAL DE LAS FAMILIAS PROFESIONALES DE  IMAGEN Y SONIDO Y  VIDRIO Y CERÁMICA;Jornadas;Terminada;26/09/2019;27/09/2019;Form. profesional y art. plast. y diseño
41200054-CEP Lebrija;20K9931AV009;ATENCIÓN AL ALUMNADO CON NEAE EN CENTROS BILINGÚES;Curso a Distancia;Terminada;30/10/2019;11/12/2019;Internivelar
41200054-CEP Lebrija;209931PI020;I JORNADA REGIONAL ETWINNING 2020;Jornadas;Suspendida;05/05/2020;05/05/2020;Internivelar
41200066-CEP Lora del Río;20K9932AV168;LA ENSEÑANZA BILINGÜE II: PROFUNDIZACIÓN EN LA METODOLOGÍA AICLE;Curso a Distancia;Terminada;30/10/2019;18/12/2019;Internivelar
41200066-CEP Lora del Río;20Q9932AV168;LA ENSEÑANZA BILINGÜE II: PROFUNDIZACIÓN EN LA METODOLOGÍA AICLE;Curso a Distancia;Terminada;04/02/2020;31/03/2020;Internivelar
